{
  "levels": [
    8,
    12,
    16,
    20,
    28,
    40
  ],
  "per_level": 12,
  "conditions": [
    "prose",
    "json",
    "strict_schema"
  ],
  "models": [
    "llama8b",
    "mistral24b",
    "gemma27b",
    "llama70b",
    "gpt4o"
  ],
  "curve": {
    "prose": {
      "8": 1.0,
      "12": 1.0,
      "16": 1.0,
      "20": 0.95,
      "28": 0.9666666666666667,
      "40": 0.9
    },
    "json": {
      "8": 0.016666666666666666,
      "12": 0.016666666666666666,
      "16": 0.0,
      "20": 0.0,
      "28": 0.0,
      "40": 0.0
    },
    "strict_schema": {
      "8": 0.9166666666666666,
      "12": 0.95,
      "16": 0.7166666666666667,
      "20": 0.75,
      "28": 0.4,
      "40": 0.21666666666666667
    }
  },
  "prose_by_model": {
    "8": {
      "llama8b": 1.0,
      "mistral24b": 1.0,
      "gemma27b": 1.0,
      "llama70b": 1.0,
      "gpt4o": 1.0
    },
    "12": {
      "llama8b": 1.0,
      "mistral24b": 1.0,
      "gemma27b": 1.0,
      "llama70b": 1.0,
      "gpt4o": 1.0
    },
    "16": {
      "llama8b": 1.0,
      "mistral24b": 1.0,
      "gemma27b": 1.0,
      "llama70b": 1.0,
      "gpt4o": 1.0
    },
    "20": {
      "llama8b": 0.8333333333333334,
      "mistral24b": 1.0,
      "gemma27b": 1.0,
      "llama70b": 0.9166666666666666,
      "gpt4o": 1.0
    },
    "28": {
      "llama8b": 0.9166666666666666,
      "mistral24b": 1.0,
      "gemma27b": 1.0,
      "llama70b": 0.9166666666666666,
      "gpt4o": 1.0
    },
    "40": {
      "llama8b": 0.5,
      "mistral24b": 1.0,
      "gemma27b": 1.0,
      "llama70b": 1.0,
      "gpt4o": 1.0
    }
  }
}